,DEST_COUNTRY_NAME,ORIGIN_COUNTRY_NAME,count
0,United States,Romania,15
1,United States,Croatia,1
2,United States,Ireland,344
3,Egypt,United States,15
4,United States,India,62
5,United States,Singapore,1
6,United States,Grenada,62
7,Costa Rica,United States,588
8,Senegal,United States,40
9,Moldova,United States,1
10,United States,Sint Maarten,325
11,United States,Marshall Islands,39
12,Guyana,United States,64
13,Malta,United States,1
14,Anguilla,United States,41
15,Bolivia,United States,30
16,United States,Paraguay,6
17,Algeria,United States,4
18,Turks and Caicos Islands,United States,230
19,United States,Gibraltar,1
20,Saint Vincent and the Grenadines,United States,1
21,Italy,United States,382
22,United States,Federated States of Micronesia,69
23,United States,Russia,161
24,Pakistan,United States,12
25,United States,Netherlands,660
26,Iceland,United States,181
27,Marshall Islands,United States,42
28,Luxembourg,United States,155
29,Honduras,United States,362
30,The Bahamas,United States,955
31,United States,Senegal,42
32,El Salvador,United States,561
33,Samoa,United States,25
34,United States,Angola,13
35,Switzerland,United States,294
36,United States,Anguilla,38
37,Sint Maarten,United States,325
38,Hong Kong,United States,332
39,Trinidad and Tobago,United States,211
40,Latvia,United States,19
41,United States,Ecuador,300
42,Suriname,United States,1
43,Mexico,United States,7140
44,United States,Cyprus,1
45,Ecuador,United States,268
46,United States,Portugal,134
47,United States,Costa Rica,608
48,United States,Guatemala,318
49,United States,Suriname,34
50,Colombia,United States,873
51,United States,Cape Verde,14
52,United States,Jamaica,712
53,Norway,United States,121
54,United States,Malaysia,3
55,United States,Morocco,19
56,Thailand,United States,3
57,United States,Samoa,25
58,Venezuela,United States,290
59,United States,Palau,31
60,United States,Venezuela,246
61,Panama,United States,510
62,Antigua and Barbuda,United States,126
63,United States,Chile,185
64,Morocco,United States,15
65,United States,Finland,28
66,Azerbaijan,United States,21
67,United States,Greece,23
68,United States,The Bahamas,986
69,New Zealand,United States,111
70,Liberia,United States,2
71,United States,Hong Kong,414
72,Hungary,United States,2
73,United States,China,920
74,United States,Vietnam,2
75,Burkina Faso,United States,1
76,Sweden,United States,118
77,United States,Kuwait,28
78,United States,Dominican Republic,1420
79,United States,Egypt,12
80,Israel,United States,134
81,United States,United States,370002
82,Ethiopia,United States,13
83,United States,Luxembourg,134
84,United States,Poland,33
85,Martinique,United States,44
86,United States,Saint Barthelemy,41
87,Saint Barthelemy,United States,39
88,Barbados,United States,154
89,United States,Turkey,129
90,Djibouti,United States,1
91,United States,Azerbaijan,21
92,United States,Estonia,1
93,Germany,United States,1468
94,United States,South Korea,827
95,United States,El Salvador,508
96,Ireland,United States,335
97,United States,Hungary,3
98,Zambia,United States,1
99,Malaysia,United States,2
100,United States,Ethiopia,12
101,United States,Panama,465
102,United States,Aruba,342
103,United States,Thailand,4
104,United States,Turks and Caicos Islands,236
105,Croatia,United States,2
106,United States,Pakistan,12
107,Cyprus,United States,1
108,United States,Honduras,407
109,Fiji,United States,24
110,Qatar,United States,108
111,Saint Kitts and Nevis,United States,139
112,Kuwait,United States,32
113,Taiwan,United States,266
114,Haiti,United States,226
115,Canada,United States,8399
116,Federated States of Micronesia,United States,69
117,United States,Liberia,2
118,Jamaica,United States,666
119,United States,Malta,2
120,Dominican Republic,United States,1353
121,Japan,United States,1548
122,United States,Lithuania,1
123,Finland,United States,26
124,United States,Guadeloupe,59
125,United States,Ukraine,13
126,United States,France,952
127,United States,Norway,115
128,Aruba,United States,346
129,French Guiana,United States,5
130,United States,Kiribati,35
131,India,United States,61
132,British Virgin Islands,United States,107
133,Brazil,United States,853
134,United States,Germany,1336
135,United States,New Zealand,74
136,French Polynesia,United States,43
137,United Arab Emirates,United States,320
138,Singapore,United States,3
139,United States,Mexico,7187
140,United States,Sweden,119
141,Netherlands,United States,776
142,United States,Martinique,43
143,United States,United Arab Emirates,313
144,United States,Bulgaria,1
145,Denmark,United States,153
146,China,United States,772
147,United States,Nicaragua,201
148,United States,Philippines,126
149,United States,Georgia,1
150,United States,Belgium,228
151,Cayman Islands,United States,314
152,Argentina,United States,180
153,Peru,United States,279
154,South Africa,United States,36
155,United States,Iceland,202
156,United States,Argentina,141
157,Spain,United States,420
158,Bermuda,United States,183
159,United States,Nigeria,50
160,United States,Austria,63
161,United States,"Bonaire, Sint Eustatius, and Saba",59
162,Kiribati,United States,26
163,Saudi Arabia,United States,83
164,Czech Republic,United States,13
165,United States,Israel,127
166,Belgium,United States,259
167,United States,Saint Lucia,136
168,United States,Bahrain,1
169,United States,British Virgin Islands,80
170,Curacao,United States,90
171,Georgia,United States,2
172,United States,Denmark,152
173,United States,Guyana,63
174,Philippines,United States,134
175,Grenada,United States,53
176,Cape Verde,United States,20
177,Cote d'Ivoire,United States,1
178,Ukraine,United States,14
179,United States,Papua New Guinea,1
180,Russia,United States,176
181,United States,Saudi Arabia,70
182,Guatemala,United States,397
183,Saint Lucia,United States,123
184,Paraguay,United States,60
185,United States,Curacao,83
186,Kosovo,United States,1
187,United States,Taiwan,235
188,Tunisia,United States,3
189,United States,South Africa,40
190,Niger,United States,2
191,Turkey,United States,138
192,United Kingdom,United States,2025
193,Romania,United States,14
194,United States,Greenland,4
195,Papua New Guinea,United States,3
196,United States,Spain,442
197,Iraq,United States,1
198,United States,Italy,438
199,Cuba,United States,466
200,United States,Switzerland,305
201,Dominica,United States,20
202,United States,Japan,1496
203,Portugal,United States,127
204,United States,Brazil,619
205,Bahrain,United States,19
206,United States,Peru,337
207,Indonesia,United States,1
208,United States,Belize,193
209,United States,United Kingdom,1970
210,Belize,United States,188
211,United States,Ghana,20
212,United States,Indonesia,2
213,United States,Fiji,25
214,United States,Canada,8483
215,United States,Antigua and Barbuda,117
216,United States,French Polynesia,40
217,Nicaragua,United States,179
218,United States,Latvia,15
219,United States,Dominica,27
220,United States,Czech Republic,12
221,United States,Australia,258
222,United States,Cook Islands,13
223,Austria,United States,62
224,Jordan,United States,44
225,Palau,United States,30
226,South Korea,United States,1048
227,Angola,United States,15
228,Ghana,United States,18
229,New Caledonia,United States,1
230,Guadeloupe,United States,56
231,France,United States,935
232,Poland,United States,32
233,Nigeria,United States,59
234,United States,Uruguay,13
235,Greenland,United States,2
236,United States,Bermuda,193
237,Chile,United States,174
238,United States,Cuba,478
239,United States,Montenegro,1
240,United States,Colombia,867
241,United States,Barbados,130
242,United States,Qatar,109
243,Australia,United States,329
244,United States,Cayman Islands,310
245,United States,Jordan,44
246,United States,Namibia,1
247,United States,Trinidad and Tobago,217
248,United States,Bolivia,13
249,Cook Islands,United States,13
250,Bulgaria,United States,3
251,United States,Saint Kitts and Nevis,145
252,Uruguay,United States,43
253,United States,Haiti,225
254,"Bonaire, Sint Eustatius, and Saba",United States,58
255,Greece,United States,30
